{
  "Guid" : "38537328-01DC-4268-8571-197DE37C2E0E",
  "Tags" : [

  ],
  "Ansi 12 Color" : {
    "Red Component" : 0.66274511814117432,
    "Color Space" : "sRGB",
    "Blue Component" : 0.88235294818878174,
    "Alpha Component" : 1,
    "Green Component" : 0.63137257099151611
  },
  "Horizontal Spacing" : 1,
  "Normal Font" : "JetBrainsMono-Regular 14",
  "Bold Color" : {
    "Red Component" : 0.73333334922790527,
    "Color Space" : "sRGB",
    "Blue Component" : 0.81176471710205078,
    "Alpha Component" : 1,
    "Green Component" : 0.7607843279838562
  },
  "Custom Directory" : "No",
  "Ansi 4 Color" : {
    "Red Component" : 0.66274511814117432,
    "Color Space" : "sRGB",
    "Blue Component" : 0.88235294818878174,
    "Alpha Component" : 1,
    "Green Component" : 0.63137257099151611
  },
  "Ansi 5 Color" : {
    "Red Component" : 0.7764706015586853,
    "Color Space" : "sRGB",
    "Blue Component" : 0.86666667461395264,
    "Alpha Component" : 1,
    "Green Component" : 0.47058823704719543
  },
  "Rows" : 25,
  "Default Bookmark" : "No",
  "Blend" : 0.7181005028529942,
  "Cursor Guide Color" : {
    "Red Component" : 0.70213186740875244,
    "Color Space" : "sRGB",
    "Blue Component" : 1,
    "Alpha Component" : 0.25,
    "Green Component" : 0.9268307089805603
  },
  "Non-ASCII Anti Aliased" : true,
  "Use Bright Bold" : true,
  "Ansi 10 Color" : {
    "Red Component" : 0.60000002384185791,
    "Color Space" : "sRGB",
    "Blue Component" : 0.40000000596046448,
    "Alpha Component" : 1,
    "Green Component" : 0.73333334922790527
  },
  "Ambiguous Double Width" : false,
  "Jobs to Ignore" : [
    "rlogin",
    "ssh",
    "slogin",
    "telnet"
  ],
  "Ansi 15 Color" : {
    "Red Component" : 0.74901962280273438,
    "Color Space" : "sRGB",
    "Blue Component" : 0.74901962280273438,
    "Alpha Component" : 1,
    "Green Component" : 0.74901962280273438
  },
  "Foreground Color" : {
    "Red Component" : 0.73333334922790527,
    "Color Space" : "sRGB",
    "Blue Component" : 0.81176471710205078,
    "Alpha Component" : 1,
    "Green Component" : 0.7607843279838562
  },
  "Working Directory" : "\/Users\/victorvelechosky",
  "Blinking Cursor" : false,
  "Disable Window Resizing" : true,
  "Sync Title" : false,
  "Prompt Before Closing 2" : false,
  "BM Growl" : true,
  "Command" : "\/bin\/zsh",
  "Description" : "Default",
  "Mouse Reporting" : true,
  "Screen" : -1,
  "Selection Color" : {
    "Red Component" : 0.25882354378700256,
    "Color Space" : "sRGB",
    "Blue Component" : 0.29411765933036804,
    "Alpha Component" : 1,
    "Green Component" : 0.26666668057441711
  },
  "Columns" : 80,
  "Idle Code" : 0,
  "Ansi 13 Color" : {
    "Red Component" : 0.7764706015586853,
    "Color Space" : "sRGB",
    "Blue Component" : 0.86666667461395264,
    "Alpha Component" : 1,
    "Green Component" : 0.47058823704719543
  },
  "Custom Command" : "Custom Shell",
  "ASCII Anti Aliased" : true,
  "Non Ascii Font" : "Monaco 12",
  "Vertical Spacing" : 1,
  "Use Bold Font" : true,
  "Option Key Sends" : 0,
  "Selected Text Color" : {
    "Red Component" : 0.73333334922790527,
    "Color Space" : "sRGB",
    "Blue Component" : 0.81176471710205078,
    "Alpha Component" : 1,
    "Green Component" : 0.7607843279838562
  },
  "Background Color" : {
    "Red Component" : 0.15686275064945221,
    "Color Space" : "sRGB",
    "Blue Component" : 0.20392157137393951,
    "Alpha Component" : 1,
    "Green Component" : 0.17254902422428131
  },
  "Character Encoding" : 4,
  "Ansi 11 Color" : {
    "Red Component" : 0.92549020051956177,
    "Color Space" : "sRGB",
    "Blue Component" : 0.48235294222831726,
    "Alpha Component" : 1,
    "Green Component" : 0.7450980544090271
  },
  "Use Italic Font" : true,
  "Unlimited Scrollback" : false,
  "Keyboard Map" : {
    "0xf700-0x260000" : {
      "Text" : "[1;6A",
      "Action" : 10
    },
    "0x37-0x40000" : {
      "Text" : "0x1f",
      "Action" : 11
    },
    "0x32-0x40000" : {
      "Text" : "0x00",
      "Action" : 11
    },
    "0xf709-0x20000" : {
      "Text" : "[17;2~",
      "Action" : 10
    },
    "0xf70c-0x20000" : {
      "Text" : "[20;2~",
      "Action" : 10
    },
    "0xf729-0x20000" : {
      "Text" : "[1;2H",
      "Action" : 10
    },
    "0xf72b-0x40000" : {
      "Text" : "[1;5F",
      "Action" : 10
    },
    "0xf705-0x20000" : {
      "Text" : "[1;2Q",
      "Action" : 10
    },
    "0xf703-0x260000" : {
      "Text" : "[1;6C",
      "Action" : 10
    },
    "0xf700-0x220000" : {
      "Text" : "[1;2A",
      "Action" : 10
    },
    "0xf701-0x280000" : {
      "Text" : "0x1b 0x1b 0x5b 0x42",
      "Action" : 11
    },
    "0x38-0x40000" : {
      "Text" : "0x7f",
      "Action" : 11
    },
    "0x33-0x40000" : {
      "Text" : "0x1b",
      "Action" : 11
    },
    "0xf703-0x220000" : {
      "Text" : "[1;2C",
      "Action" : 10
    },
    "0xf701-0x240000" : {
      "Text" : "[1;5B",
      "Action" : 10
    },
    "0xf70d-0x20000" : {
      "Text" : "[21;2~",
      "Action" : 10
    },
    "0xf702-0x260000" : {
      "Text" : "[1;6D",
      "Action" : 10
    },
    "0xf729-0x40000" : {
      "Text" : "[1;5H",
      "Action" : 10
    },
    "0xf706-0x20000" : {
      "Text" : "[1;2R",
      "Action" : 10
    },
    "0x34-0x40000" : {
      "Text" : "0x1c",
      "Action" : 11
    },
    "0xf700-0x280000" : {
      "Text" : "0x1b 0x1b 0x5b 0x41",
      "Action" : 11
    },
    "0x2d-0x40000" : {
      "Text" : "0x1f",
      "Action" : 11
    },
    "0xf70e-0x20000" : {
      "Text" : "[23;2~",
      "Action" : 10
    },
    "0xf702-0x220000" : {
      "Text" : "[1;2D",
      "Action" : 10
    },
    "0xf703-0x280000" : {
      "Text" : "0x1b 0x1b 0x5b 0x43",
      "Action" : 11
    },
    "0xf700-0x240000" : {
      "Text" : "[1;5A",
      "Action" : 10
    },
    "0xf707-0x20000" : {
      "Text" : "[1;2S",
      "Action" : 10
    },
    "0xf70a-0x20000" : {
      "Text" : "[18;2~",
      "Action" : 10
    },
    "0x35-0x40000" : {
      "Text" : "0x1d",
      "Action" : 11
    },
    "0xf70f-0x20000" : {
      "Text" : "[24;2~",
      "Action" : 10
    },
    "0xf703-0x240000" : {
      "Text" : "[1;5C",
      "Action" : 10
    },
    "0xf701-0x260000" : {
      "Text" : "[1;6B",
      "Action" : 10
    },
    "0xf702-0x280000" : {
      "Text" : "0x1b 0x1b 0x5b 0x44",
      "Action" : 11
    },
    "0xf72b-0x20000" : {
      "Text" : "[1;2F",
      "Action" : 10
    },
    "0x36-0x40000" : {
      "Text" : "0x1e",
      "Action" : 11
    },
    "0xf708-0x20000" : {
      "Text" : "[15;2~",
      "Action" : 10
    },
    "0xf701-0x220000" : {
      "Text" : "[1;2B",
      "Action" : 10
    },
    "0xf70b-0x20000" : {
      "Text" : "[19;2~",
      "Action" : 10
    },
    "0xf702-0x240000" : {
      "Text" : "[1;5D",
      "Action" : 10
    },
    "0xf704-0x20000" : {
      "Text" : "[1;2P",
      "Action" : 10
    }
  },
  "Window Type" : 0,
  "Blur Radius" : 11.255886526206105,
  "Cursor Boost" : 0,
  "Blur" : true,
  "Badge Color" : {
    "Red Component" : 1,
    "Color Space" : "sRGB",
    "Blue Component" : 0,
    "Alpha Component" : 0.5,
    "Green Component" : 0.1491314172744751
  },
  "Scrollback Lines" : 5000,
  "Send Code When Idle" : false,
  "Close Sessions On End" : true,
  "Terminal Type" : "xterm-256color",
  "Visual Bell" : true,
  "Flashing Bell" : false,
  "Silence Bell" : false,
  "Ansi 14 Color" : {
    "Red Component" : 0.31764706969261169,
    "Color Space" : "sRGB",
    "Blue Component" : 0.93725490570068359,
    "Alpha Component" : 1,
    "Green Component" : 0.68627452850341797
  },
  "ASCII Ligatures" : true,
  "Name" : "Default",
  "Cursor Text Color" : {
    "Red Component" : 0.10718484967947006,
    "Color Space" : "sRGB",
    "Blue Component" : 0.10718648880720139,
    "Alpha Component" : 1,
    "Green Component" : 0.10718841105699539
  },
  "Shortcut" : "",
  "Cursor Color" : {
    "Red Component" : 0.31764706969261169,
    "Color Space" : "sRGB",